x,y,z,hemisphere,network,network_id,image,mdsx,mdsy,color
47.81,-65.25,33.98,R,Default,1,roi479.png,-45.208,48.321,#ff2700
47.46,-56.78,16.04,R,Default,1,roi478.png,-35.229,47.674,#ff2700
6.22,-49.39,29.34,R,Default,1,roi311.png,-29.874,6.387,#ff2700
8.53,-44.54,39.41,R,Default,1,roi348.png,-25.865,8.668,#ff2700
3.13,-35.34,33.55,R,Default,1,roi332.png,-16.308,3.042,#ff2700
45.57,-34.99,0.16,R,Default,1,roi412.png,-12.192,45.233,#ff2700
61.34,-16.96,-8.15,R,Default,1,roi620.png,6.812,60.576,#ff2700
49.51,-13.25,-13.82,R,Default,1,roi618.png,10.751,48.634,#ff2700
46.98,-8.78,-26.33,R,Default,1,roi529.png,16.232,45.927,#ff2700
45.42,-3.95,-14.73,R,Default,1,roi617.png,20.008,44.35,#ff2700
45.74,2.79,-27.94,R,Default,1,roi530.png,27.869,44.441,#ff2700
28.98,14.51,-9,R,Default,1,roi431.png,37.558,27.58,#ff2700
35.41,18.22,-12.66,R,Default,1,roi430.png,41.703,33.908,#ff2700
3.17,20.69,-13.66,R,Default,1,roi526.png,43.58,1.618,#ff2700
15.83,24.67,51.24,R,Default,1,roi604.png,42.201,14.647,#ff2700
32.56,27.55,-7.85,R,Default,1,roi514.png,50.522,30.903,#ff2700
21.23,32.31,49.92,R,Default,1,roi603.png,50.037,19.882,#ff2700
3.19,36.01,-14.33,R,Default,1,roi525.png,58.898,1.323,#ff2700
6.3,43.43,7.98,R,Default,1,roi594.png,64.426,4.438,#ff2700
4.95,48.63,25.93,R,Default,1,roi599.png,68.026,3.108,#ff2700
10.52,50.18,-16.97,R,Default,1,roi522.png,73.392,8.346,#ff2700
6.7,52.98,-5.59,R,Default,1,roi509.png,75.118,4.55,#ff2700
7.65,53.42,12.51,R,Default,1,roi593.png,74.013,5.617,#ff2700
38.08,-57.12,29.95,R,Ventral-Attention-Language,7,roi480.png,-36.964,38.4,#007d7d
44.43,-44.46,7.51,R,Ventral-Attention-Language,7,roi409.png,-22.284,44.336,#007d7d
50.99,-43.87,3.11,R,Ventral-Attention-Language,7,roi410.png,-21.18,50.852,#007d7d
53.95,-10.88,-5.27,R,Ventral-Attention-Language,7,roi616.png,12.465,53.084,#007d7d
44.47,1.21,42.84,R,Ventral-Attention-Language,7,roi367.png,20.155,43.697,#007d7d
42.91,8.65,-21.88,R,Ventral-Attention-Language,7,roi614.png,33.124,41.536,#007d7d
3.11,14.37,55.04,R,Ventral-Attention-Language,7,roi314.png,31.349,2.165,#007d7d
53.12,17.8,12.03,R,Ventral-Attention-Language,7,roi495.png,39.52,51.794,#007d7d
52.94,23.81,2.22,R,Ventral-Attention-Language,7,roi423.png,46.35,51.424,#007d7d
9.11,24.68,57.4,R,Ventral-Attention-Language,7,roi583.png,41.539,7.972,#007d7d
45.12,25.07,-10.64,R,Ventral-Attention-Language,7,roi429.png,48.554,43.491,#007d7d
16.38,45.07,37.71,R,Ventral-Attention-Language,7,roi585.png,63.7,14.69,#007d7d
5.18,45.86,39.91,R,Ventral-Attention-Language,7,roi600.png,64.064,3.492,#007d7d
11.2,60.23,6.19,R,Ventral-Attention-Language,7,roi590.png,81.416,8.984,#007d7d
28.13,-74.86,47.58,R,Frontal-Parietal,3,roi456.png,-56.364,28.935,#FFFB00
39.6,-67.34,43.65,R,Frontal-Parietal,3,roi457.png,-48.296,40.223,#FFFB00
23.8,-66.46,51.87,R,Frontal-Parietal,3,roi463.png,-48.457,24.466,#FFFB00
31.77,-62.59,52.74,R,Frontal-Parietal,3,roi460.png,-44.512,32.362,#FFFB00
4.81,-62.34,56.91,R,Frontal-Parietal,3,roi451.png,-45.184,5.432,#FFFB00
49.98,-58.47,-5.86,R,Frontal-Parietal,3,roi471.png,-34.968,50.075,#FFFB00
49.7,-58.26,-12.35,R,Frontal-Parietal,3,roi561.png,-34.204,49.746,#FFFB00
42.16,-56.97,47.48,R,Frontal-Parietal,3,roi458.png,-38.244,42.599,#FFFB00
59.53,-54.08,1.91,R,Frontal-Parietal,3,roi474.png,-31.068,59.588,#FFFB00
4.49,-52.97,46.24,R,Frontal-Parietal,3,roi453.png,-34.936,4.848,#FFFB00
31.12,-51.36,46.78,R,Frontal-Parietal,3,roi461.png,-32.825,31.443,#FFFB00
44.87,-50.85,37.6,R,Frontal-Parietal,3,roi316.png,-31.239,45.115,#FFFB00
57.64,-45.35,-11.69,R,Frontal-Parietal,3,roi319.png,-21.237,57.427,#FFFB00
26.58,-45.26,44.51,R,Frontal-Parietal,3,roi462.png,-26.648,26.764,#FFFB00
34.62,-43.64,40.1,R,Frontal-Parietal,3,roi387.png,-24.486,34.739,#FFFB00
44.34,-42.91,49.57,R,Frontal-Parietal,3,roi393.png,-24.375,44.508,#FFFB00
58.85,-41.04,-2.5,R,Frontal-Parietal,3,roi401.png,-17.713,58.614,#FFFB00
59.19,-32.29,-12.65,R,Frontal-Parietal,3,roi527.png,-8.113,58.705,#FFFB00
51.66,-31.94,47.62,R,Frontal-Parietal,3,roi392.png,-13.128,51.591,#FFFB00
58.72,-26.29,-19.55,R,Frontal-Parietal,3,roi545.png,-1.551,58.066,#FFFB00
55.85,-19.73,-17.52,R,Frontal-Parietal,3,roi528.png,4.748,55.078,#FFFB00
36.77,-13.42,-28.93,R,Frontal-Parietal,3,roi549.png,11.622,35.795,#FFFB00
37.3,-7.56,5.29,R,Frontal-Parietal,3,roi433.png,14.514,36.445,#FFFB00
58.42,-4.91,-18.66,R,Frontal-Parietal,3,roi619.png,19.661,57.339,#FFFB00
25.74,1.33,46.82,R,Frontal-Parietal,3,roi369.png,19.541,24.997,#FFFB00
40.33,5.78,20.96,R,Frontal-Parietal,3,roi502.png,26.511,39.313,#FFFB00
47.35,6.36,12.94,R,Frontal-Parietal,3,roi498.png,27.927,46.264,#FFFB00
47.18,7.29,30.06,R,Frontal-Parietal,3,roi503.png,27.371,46.194,#FFFB00
29.08,7.6,51.1,R,Frontal-Parietal,3,roi368.png,25.486,28.239,#FFFB00
38.45,7.83,33.76,R,Frontal-Parietal,3,roi504.png,27.408,37.481,#FFFB00
33.57,9.81,-30.17,R,Frontal-Parietal,3,roi531.png,34.801,32.116,#FFFB00
15.92,11.06,59.66,R,Frontal-Parietal,3,roi371.png,27.919,15.072,#FFFB00
10.91,15.44,60.22,R,Frontal-Parietal,3,roi372.png,32.129,9.978,#FFFB00
29.99,15.87,51.88,R,Frontal-Parietal,3,roi606.png,33.675,28.987,#FFFB00
35.07,16.22,2.43,R,Frontal-Parietal,3,roi436.png,38.401,33.714,#FFFB00
34.56,20.45,-0.31,R,Frontal-Parietal,3,roi437.png,42.84,33.099,#FFFB00
5.13,21.94,43.08,R,Frontal-Parietal,3,roi337.png,39.964,3.948,#FFFB00
44.27,22.45,26.62,R,Frontal-Parietal,3,roi499.png,42.708,42.954,#FFFB00
39.88,22.59,36.83,R,Frontal-Parietal,3,roi493.png,41.874,38.633,#FFFB00
33.23,23.17,45.25,R,Frontal-Parietal,3,roi607.png,41.586,32.032,#FFFB00
46.49,25.12,18.48,R,Frontal-Parietal,3,roi497.png,46.116,45.063,#FFFB00
23.41,28.04,-12.73,R,Frontal-Parietal,3,roi518.png,51.241,21.711,#FFFB00
41.75,31.83,19.67,R,Frontal-Parietal,3,roi496.png,52.598,40.196,#FFFB00
41.15,32.63,28.4,R,Frontal-Parietal,3,roi494.png,52.629,39.641,#FFFB00
6.69,33.65,33.57,R,Frontal-Parietal,3,roi601.png,52.482,5.204,#FFFB00
45.01,35.54,-4.55,R,Frontal-Parietal,3,roi428.png,58.454,43.211,#FFFB00
10.94,36.44,50.02,R,Frontal-Parietal,3,roi584.png,53.928,9.512,#FFFB00
13.63,38.02,12.47,R,Frontal-Parietal,3,roi596.png,58.802,11.907,#FFFB00
26.78,39.99,-11.33,R,Frontal-Parietal,3,roi516.png,63.093,24.848,#FFFB00
9.47,40.33,-15.33,R,Frontal-Parietal,3,roi524.png,63.417,7.507,#FFFB00
40.08,43.27,16.6,R,Frontal-Parietal,3,roi317.png,64.224,38.273,#FFFB00
42.94,44.71,-6.98,R,Frontal-Parietal,3,roi513.png,67.754,40.939,#FFFB00
34.59,45.55,-9.37,R,Frontal-Parietal,3,roi515.png,68.624,32.557,#FFFB00
34.19,51.4,7.41,R,Frontal-Parietal,3,roi506.png,72.993,32.156,#FFFB00
12.41,53.3,27.77,R,Frontal-Parietal,3,roi598.png,72.674,10.484,#FFFB00
22.04,56.91,18.05,R,Frontal-Parietal,3,roi592.png,77.31,19.971,#FFFB00
13.58,58.73,19.05,R,Frontal-Parietal,3,roi595.png,78.86,11.483,#FFFB00
18.74,60.13,-1.19,R,Frontal-Parietal,3,roi587.png,82.11,16.473,#FFFB00
32.59,-78.16,38.84,R,Frontal-Parietal-Other,11,roi455.png,-58.803,33.4,#000000
49.14,-59.35,33.41,R,Frontal-Parietal-Other,11,roi459.png,-39.254,49.527,#000000
58.62,-29.87,-4.47,R,Frontal-Parietal-Other,11,roi404.png,-6.422,58.144,#000000
21.87,7.24,58.12,R,Frontal-Parietal-Other,11,roi383.png,24.371,21.087,#000000
16.33,15.8,49.11,R,Frontal-Parietal-Other,11,roi370.png,33.56,15.312,#000000
30.7,16.23,37.8,R,Frontal-Parietal-Other,11,roi608.png,35.264,29.591,#000000
25.29,25.86,42.6,R,Frontal-Parietal-Other,11,roi605.png,44.329,24.021,#000000
20.05,32.52,38.13,R,Frontal-Parietal-Other,11,roi602.png,51.24,18.616,#000000
7.15,43.8,16.32,R,Frontal-Parietal-Other,11,roi597.png,64.091,5.338,#000000
37.93,49.46,1.69,R,Frontal-Parietal-Other,11,roi507.png,71.633,35.894,#000000
27.65,53.75,10.39,R,Frontal-Parietal-Other,11,roi589.png,74.94,25.591,#000000
4,-51.64,17.52,R,Salience,8,roi323.png,-31.14,4.131,#822082
3.79,26.47,-3.92,R,Salience,8,roi510.png,48.509,2.189,#822082
2.68,29.25,17.76,R,Salience,8,roi339.png,49.382,1.174,#822082
11.22,30.66,22.37,R,Salience,8,roi338.png,50.565,9.716,#822082
5.11,34.16,3.87,R,Salience,8,roi340.png,55.523,3.407,#822082
12.63,43.68,3.09,R,Salience,8,roi591.png,65.229,10.727,#822082
4.38,45.04,0.5,R,Salience,8,roi588.png,66.636,2.433,#822082
40.92,-76.05,23.21,R,Cingulo-opercular,9,roi475.png,-55.178,41.576,#fbfbda
49.89,-69.99,-0.42,R,Cingulo-opercular,9,roi472.png,-46.914,50.257,#fbfbda
55.07,-52.2,27.37,R,Cingulo-opercular,9,roi399.png,-31.488,55.269,#fbfbda
2.98,-52.19,59.92,R,Cingulo-opercular,9,roi452.png,-35.372,3.418,#fbfbda
53.57,-49.24,37.88,R,Cingulo-opercular,9,roi398.png,-29.478,53.783,#fbfbda
51.63,-47.47,17.93,R,Cingulo-opercular,9,roi400.png,-26.032,51.668,#fbfbda
48.94,-45.93,-17,R,Cingulo-opercular,9,roi540.png,-21.537,48.704,#fbfbda
58.09,-45.7,25.18,R,Cingulo-opercular,9,roi413.png,-24.761,58.141,#fbfbda
28.63,-44.81,64.76,R,Cingulo-opercular,9,roi467.png,-27.906,28.946,#fbfbda
47.53,-44.53,19.75,R,Cingulo-opercular,9,roi411.png,-23.346,47.522,#fbfbda
21.77,-44.32,70.25,R,Cingulo-opercular,9,roi439.png,-28.035,22.116,#fbfbda
48.58,-40.18,36.04,R,Cingulo-opercular,9,roi402.png,-20.399,48.597,#fbfbda
48.38,-39.54,-20.62,R,Cingulo-opercular,9,roi552.png,-14.871,47.989,#fbfbda
3.3,-37.49,59.52,R,Cingulo-opercular,9,roi350.png,-20.689,3.437,#fbfbda
38.99,-35.92,20.77,R,Cingulo-opercular,9,roi403.png,-15.036,38.817,#fbfbda
54.37,-35.82,37.28,R,Cingulo-opercular,9,roi485.png,-16.043,54.306,#fbfbda
56.51,-35.58,19.98,R,Cingulo-opercular,9,roi415.png,-14.265,56.32,#fbfbda
62.11,-35.49,8.53,R,Cingulo-opercular,9,roi416.png,-13.07,61.837,#fbfbda
43.78,-35.33,4.73,R,Cingulo-opercular,9,roi414.png,-12.963,43.482,#fbfbda
6.59,-35.24,51.3,R,Cingulo-opercular,9,roi349.png,-17.669,6.623,#fbfbda
39.67,-33.91,13.99,R,Cingulo-opercular,9,roi417.png,-12.434,39.409,#fbfbda
12.08,-33.66,42.61,R,Cingulo-opercular,9,roi360.png,-15.231,12.02,#fbfbda
51.86,-29.67,22.25,R,Cingulo-opercular,9,roi484.png,-8.671,51.568,#fbfbda
12.02,-27.89,47.08,R,Cingulo-opercular,9,roi362.png,-9.871,11.874,#fbfbda
44.41,-26.65,-2.82,R,Cingulo-opercular,9,roi405.png,-3.652,43.883,#fbfbda
44.68,-24.6,11.01,R,Cingulo-opercular,9,roi408.png,-2.799,44.208,#fbfbda
9.91,-23.45,42.79,R,Cingulo-opercular,9,roi333.png,-5.122,9.644,#fbfbda
38.35,-22.62,5.4,R,Cingulo-opercular,9,roi610.png,-0.474,37.8,#fbfbda
34.34,-21.69,4.22,R,Cingulo-opercular,9,roi418.png,0.471,33.764,#fbfbda
54.01,-21.49,-1.67,R,Cingulo-opercular,9,roi406.png,1.588,53.384,#fbfbda
61.93,-21.15,4.21,R,Cingulo-opercular,9,roi407.png,1.583,61.337,#fbfbda
37.93,-14.32,-4.54,R,Cingulo-opercular,9,roi419.png,8.643,37.143,#fbfbda
44.22,-13.1,-2.23,R,Cingulo-opercular,9,roi611.png,9.789,43.423,#fbfbda
47.81,-12.1,13.72,R,Cingulo-opercular,9,roi483.png,9.482,47.103,#fbfbda
54.59,-8.34,3.45,R,Cingulo-opercular,9,roi613.png,14.255,53.734,#fbfbda
4.67,-3.45,39.48,R,Cingulo-opercular,9,roi342.png,14.976,3.977,#fbfbda
49.51,-3.44,46.91,R,Cingulo-opercular,9,roi313.png,15.276,48.859,#fbfbda
35.88,-2,-10.56,R,Cingulo-opercular,9,roi420.png,21.392,34.802,#fbfbda
5.85,-1.62,61.92,R,Cingulo-opercular,9,roi363.png,14.885,5.277,#fbfbda
52.72,-1.6,8.91,R,Cingulo-opercular,9,roi501.png,20.458,51.766,#fbfbda
47.39,-0.98,36.22,R,Cingulo-opercular,9,roi491.png,18.606,46.615,#fbfbda
42.79,-0.73,52.93,R,Cingulo-opercular,9,roi375.png,17.316,42.127,#fbfbda
42.84,0.81,5.01,R,Cingulo-opercular,9,roi425.png,22.99,41.812,#fbfbda
52.38,2.19,-10.5,R,Cingulo-opercular,9,roi615.png,25.903,51.214,#fbfbda
25.17,2.63,-19.7,R,Cingulo-opercular,9,roi512.png,26.57,23.937,#fbfbda
34.5,2.64,8.3,R,Cingulo-opercular,9,roi434.png,24.355,33.46,#fbfbda
4.1,2.93,52.48,R,Cingulo-opercular,9,roi336.png,20.196,3.369,#fbfbda
11.96,3.53,59.8,R,Cingulo-opercular,9,roi358.png,20.325,11.266,#fbfbda
8.41,4.01,43.11,R,Cingulo-opercular,9,roi341.png,22.171,7.591,#fbfbda
49.27,6.81,-7.86,R,Cingulo-opercular,9,roi612.png,30.212,48.029,#fbfbda
33.44,7.55,36.19,R,Cingulo-opercular,9,roi492.png,26.815,32.495,#fbfbda
37.94,7.81,-5.86,R,Cingulo-opercular,9,roi435.png,30.8,36.695,#fbfbda
21.08,9.87,-15.73,R,Cingulo-opercular,9,roi517.png,33.354,19.729,#fbfbda
36.14,12.7,-18.76,R,Cingulo-opercular,9,roi609.png,36.747,34.707,#fbfbda
45.87,15.7,26.53,R,Cingulo-opercular,9,roi500.png,36.025,44.69,#fbfbda
2.37,15.91,29.61,R,Cingulo-opercular,9,roi346.png,35.064,1.217,#fbfbda
39.23,16.12,9.95,R,Cingulo-opercular,9,roi424.png,37.738,37.927,#fbfbda
10.9,17.48,33.66,R,Cingulo-opercular,9,roi345.png,36.456,9.741,#fbfbda
6.99,21.42,28.14,R,Cingulo-opercular,9,roi347.png,40.776,5.714,#fbfbda
41.48,24.24,-0.05,R,Cingulo-opercular,9,roi438.png,46.736,39.942,#fbfbda
45.65,31.84,6.84,R,Cingulo-opercular,9,roi422.png,53.798,44.006,#fbfbda
43.66,40.25,6.65,R,Cingulo-opercular,9,roi427.png,62.15,41.844,#fbfbda
27.3,40.4,28.59,R,Cingulo-opercular,9,roi586.png,60.064,25.638,#fbfbda
25.71,49.03,-2.25,R,Cingulo-opercular,9,roi508.png,71.291,23.658,#fbfbda
10.52,-63,49.63,R,Parietal-Episodic-Retrieval,12,roi450.png,-45.094,11.103,#CC0066
10.68,-61.66,35.2,R,Parietal-Episodic-Retrieval,12,roi454.png,-42.509,11.135,#CC0066
5.34,-45.18,17.75,R,Parietal-Episodic-Retrieval,12,roi329.png,-24.698,5.341,#CC0066
5.99,-34.51,27.61,R,Parietal-Episodic-Retrieval,12,roi322.png,-14.908,5.843,#CC0066
3.28,-20.59,33.37,R,Parietal-Episodic-Retrieval,12,roi343.png,-1.597,2.892,#CC0066
41.31,-69.82,33.34,R,Parieto-Occipital,13,roi477.png,-49.84,41.911,#003eff
4.55,-68.42,27,R,Parieto-Occipital,13,roi573.png,-48.661,5.086,#003eff
9.93,-65.42,26.72,R,Parieto-Occipital,13,roi447.png,-45.537,10.402,#003eff
13.14,-58.11,22.24,R,Parieto-Occipital,13,roi576.png,-37.802,13.432,#003eff
3.3,-56.78,24.63,R,Parieto-Occipital,13,roi446.png,-36.889,3.584,#003eff
5.06,-54.42,8.19,R,Parieto-Occipital,13,roi324.png,-33.081,5.182,#003eff
5.44,-50.14,5.72,R,Parieto-Occipital,13,roi330.png,-28.597,5.458,#003eff
18.46,-68.79,54.43,R,First-Dorsal-Attention,5,roi443.png,-51.11,19.192,#c46b8b
33.56,-41.88,47.79,R,First-Dorsal-Attention,5,roi386.png,-23.419,33.697,#c46b8b
55.95,-29.27,37.66,R,First-Dorsal-Attention,5,roi486.png,-9.519,55.756,#c46b8b
55.92,-28,31.64,R,First-Dorsal-Attention,5,roi487.png,-7.734,55.658,#c46b8b
23.84,0.81,56.2,R,First-Dorsal-Attention,5,roi382.png,18.173,23.173,#c46b8b
28.68,-51.11,58.72,R,Second-Dorsal-Attention,6,roi466.png,-33.659,29.082,#d6add6
11.87,-49.76,62.42,R,Second-Dorsal-Attention,6,roi440.png,-32.983,12.274,#d6add6
30.88,-44.77,54.57,R,Second-Dorsal-Attention,6,roi465.png,-26.939,31.124,#d6add6
35.87,-38.31,55.51,R,Second-Dorsal-Attention,6,roi385.png,-20.482,35.988,#d6add6
41.8,-28.58,41.97,R,Second-Dorsal-Attention,6,roi391.png,-9.498,41.625,#d6add6
47.17,-23.25,36.82,R,Second-Dorsal-Attention,6,roi390.png,-3.633,46.85,#d6add6
59.23,-21.39,29.83,R,Second-Dorsal-Attention,6,roi488.png,-0.925,58.821,#d6add6
34.22,-9.66,55.93,R,Second-Dorsal-Attention,6,roi378.png,7.984,33.761,#d6add6
46.56,0.38,26.81,R,Second-Dorsal-Attention,6,roi505.png,20.756,45.692,#d6add6
23.58,-20.65,-14.87,R,Subcortical,14,roi632.png,2.932,22.852,#94cd54
9.8,-15.81,5.97,R,Subcortical,14,roi628.png,5.666,9.123,#94cd54
20.56,-3.82,-20.57,R,Subcortical,14,roi633.png,20.125,19.452,#94cd54
18.72,-1.42,-2.53,R,Subcortical,14,roi631.png,20.919,17.69,#94cd54
24.45,3.52,-2.15,R,Subcortical,14,roi630.png,25.926,23.321,#94cd54
12.47,11.94,8.07,R,Subcortical,14,roi629.png,33.181,11.245,#94cd54
6.76,12.04,-8.82,R,Subcortical,14,roi634.png,34.621,5.416,#94cd54
21.19,-65.5,-1.56,R,Somatomotor,10,roi571.png,-42.94,21.464,#00ffff
20.78,-59.07,61.88,R,Somatomotor,10,roi442.png,-42.024,21.367,#00ffff
17.52,-50.76,-7.45,R,Somatomotor,10,roi318.png,-27.826,17.455,#00ffff
10.82,-45.6,-4.87,R,Somatomotor,10,roi331.png,-23.048,10.67,#00ffff
25.54,-44.94,-5.19,R,Somatomotor,10,roi532.png,-22.057,25.371,#00ffff
9.13,-41.93,65.99,R,Somatomotor,10,roi351.png,-25.549,9.401,#00ffff
38.07,-41.22,-20.57,R,Somatomotor,10,roi553.png,-16.763,37.716,#00ffff
13.01,-37.92,71.9,R,Somatomotor,10,roi352.png,-21.985,13.24,#00ffff
27.21,-35.66,54.84,R,Somatomotor,10,roi384.png,-17.965,27.272,#00ffff
8.05,-33.91,65.77,R,Somatomotor,10,roi359.png,-17.564,8.157,#00ffff
15.67,-32.58,68.63,R,Somatomotor,10,roi312.png,-16.328,15.768,#00ffff
31.99,-32.06,46.23,R,Somatomotor,10,roi395.png,-13.536,31.918,#00ffff
30.19,-32.03,59.75,R,Somatomotor,10,roi396.png,-14.712,30.212,#00ffff
10.23,-32.01,53.17,R,Somatomotor,10,roi361.png,-14.538,10.21,#00ffff
8.08,-30.77,76.31,R,Somatomotor,10,roi353.png,-15.347,8.197,#00ffff
22.74,-28.71,65.9,R,Somatomotor,10,roi394.png,-12.091,22.739,#00ffff
39.23,-27.95,48.54,R,Somatomotor,10,roi397.png,-9.491,39.089,#00ffff
6.11,-25.94,71.18,R,Somatomotor,10,roi354.png,-10.134,6.094,#00ffff
22.11,-25.27,62.67,R,Somatomotor,10,roi364.png,-8.398,22.017,#00ffff
35.36,-24.41,17.5,R,Somatomotor,10,roi320.png,-3.364,34.932,#00ffff
15.16,-24.35,67.97,R,Somatomotor,10,roi373.png,-8.084,15.087,#00ffff
11.78,-21.35,67.57,R,Somatomotor,10,roi377.png,-5.132,11.644,#00ffff
22.21,-21.29,60.79,R,Somatomotor,10,roi374.png,-4.27,22.023,#00ffff
34.31,-20.59,58.53,R,Somatomotor,10,roi376.png,-3.126,34.091,#00ffff
38.92,-19.61,48.58,R,Somatomotor,10,roi365.png,-1.194,38.61,#00ffff
53.76,-18.99,42.61,R,Somatomotor,10,roi389.png,0.247,53.393,#00ffff
5.5,-18.24,63.95,R,Somatomotor,10,roi356.png,-1.852,5.278,#00ffff
35.82,-15.61,36.22,R,Somatomotor,10,roi388.png,3.793,35.344,#00ffff
34.34,-14.82,11.16,R,Somatomotor,10,roi432.png,6.714,33.673,#00ffff
33.73,-14.63,64.59,R,Somatomotor,10,roi379.png,2.275,33.432,#00ffff
5.49,-14.25,51.15,R,Somatomotor,10,roi335.png,3.228,5.097,#00ffff
8.3,-14.03,40.26,R,Somatomotor,10,roi334.png,4.446,7.826,#00ffff
60,-12.85,20.38,R,Somatomotor,10,roi489.png,8.413,59.352,#00ffff
14.69,-12.76,70.03,R,Somatomotor,10,roi355.png,3.272,14.397,#00ffff
53.06,-12.62,29.48,R,Somatomotor,10,roi490.png,7.712,52.472,#00ffff
37.2,-12,15.49,R,Somatomotor,10,roi426.png,9.208,36.506,#00ffff
50.01,-8.48,30.4,R,Somatomotor,10,roi481.png,11.693,49.346,#00ffff
37.73,-8.47,44.78,R,Somatomotor,10,roi366.png,10.205,37.169,#00ffff
29.38,-8.05,58.13,R,Somatomotor,10,roi380.png,9.297,28.905,#00ffff
19.79,-7.82,62.55,R,Somatomotor,10,roi381.png,8.945,19.343,#00ffff
9.15,-7.64,64.22,R,Somatomotor,10,roi357.png,8.759,8.714,#00ffff
58.31,-4.67,17.35,R,Somatomotor,10,roi482.png,16.787,57.475,#00ffff
18.57,-105.13,4.65,R,First-Visual-V1,4,roi558.png,-83.004,19.691,#00f700
26.41,-99.63,7.79,R,First-Visual-V1,4,roi563.png,-77.634,27.44,#00f700
29.1,-97.76,-7.67,R,First-Visual-V1,4,roi565.png,-74.38,29.983,#00f700
26.55,-97.18,0.27,R,First-Visual-V1,4,roi562.png,-74.541,27.477,#00f700
28.08,-90.17,-8.48,R,First-Visual-V1,4,roi566.png,-66.771,28.804,#00f700
13.6,-88.78,-5.62,R,First-Visual-V1,4,roi567.png,-65.935,14.319,#00f700
12.52,-85.72,6.9,R,First-Visual-V1,4,roi559.png,-63.991,13.265,#00f700
14.15,-88.52,26.03,R,Second-Visual,2,roi449.png,-68.399,15.085,#393FAC
20.64,-86.51,33.21,R,Second-Visual,2,roi445.png,-66.882,21.583,#393FAC
34.62,-85.33,15.86,R,Second-Visual,2,roi468.png,-63.917,35.414,#393FAC
36.73,-82.36,9.67,R,Second-Visual,2,roi469.png,-60.38,37.421,#393FAC
5.75,-81.17,23.61,R,Second-Visual,2,roi572.png,-61.043,6.521,#393FAC
31.1,-80.5,-12.83,R,Second-Visual,2,roi568.png,-56.701,31.597,#393FAC
40.87,-79.22,0.15,R,Second-Visual,2,roi470.png,-56.344,41.43,#393FAC
25.33,-76.85,-7.53,R,Second-Visual,2,roi570.png,-53.643,25.792,#393FAC
28.23,-76.8,30.94,R,Second-Visual,2,roi315.png,-56.856,28.958,#393FAC
13.65,-76.51,39.24,R,Second-Visual,2,roi448.png,-57.588,14.434,#393FAC
9.65,-74.6,-1.64,R,Second-Visual,2,roi560.png,-52.237,10.111,#393FAC
15.11,-71.64,44.92,R,Second-Visual,2,roi444.png,-53.197,15.834,#393FAC
31.77,-70.36,-14.14,R,Second-Visual,2,roi569.png,-46.474,32.053,#393FAC
18.34,-69.19,26.25,R,Second-Visual,2,roi575.png,-49.077,18.884,#393FAC
23.18,-66.61,-7.55,R,Second-Visual,2,roi537.png,-43.487,23.434,#393FAC
43.6,-66.44,11.74,R,Second-Visual,2,roi473.png,-44.559,43.981,#393FAC
39.57,-66.13,-3.61,R,Second-Visual,2,roi564.png,-43.008,39.838,#393FAC
40.44,-65.64,21.76,R,Second-Visual,2,roi476.png,-44.694,40.875,#393FAC
17.27,-63.85,16.92,R,Second-Visual,2,roi574.png,-42.974,17.641,#393FAC
8.84,-58.2,-1.27,R,Second-Visual,2,roi326.png,-35.95,8.971,#393FAC
38.49,-57.86,-10.7,R,Second-Visual,2,roi539.png,-34.181,38.542,#393FAC
26.99,-54.6,-13.15,R,Second-Visual,2,roi538.png,-30.961,26.961,#393FAC
26.61,-53.95,-4.17,R,Second-Visual,2,roi557.png,-31.097,26.631,#393FAC
16.19,-53.17,3.44,R,Second-Visual,2,roi325.png,-31.195,16.251,#393FAC
22.14,-52.8,51.51,R,Second-Visual,2,roi464.png,-34.855,22.527,#393FAC
13.16,-52.34,57.76,R,Second-Visual,2,roi441.png,-35.123,13.583,#393FAC
-40.11,-44.96,-19.26,L,Second-Visual,2,roi239.png,-22.226,-40.361,#393FAC
-31.46,-53.1,-15.8,L,Second-Visual,2,roi224.png,-30.453,-31.524,#393FAC
-10.51,-54.17,-0.38,L,Second-Visual,2,roi019.png,-32.415,-10.45,#393FAC
-28.49,-54.91,57.66,L,Second-Visual,2,roi154.png,-38.54,-28.006,#393FAC
-16.01,-59.23,4.1,L,Second-Visual,2,roi012.png,-37.957,-15.815,#393FAC
-20.71,-61.48,-5.52,L,Second-Visual,2,roi005.png,-39.465,-20.535,#393FAC
-12.78,-64.34,12.22,L,Second-Visual,2,roi263.png,-43.681,-12.425,#393FAC
-6.73,-67.35,-1.38,L,Second-Visual,2,roi013.png,-45.378,-6.411,#393FAC
-19.23,-72.1,36.37,L,Second-Visual,2,roi130.png,-53.63,-18.548,#393FAC
-34.89,-73.33,-4.62,L,Second-Visual,2,roi249.png,-51.64,-34.466,#393FAC
-42.92,-74.51,3.47,L,Second-Visual,2,roi158.png,-53.681,-42.413,#393FAC
-21.43,-74.63,-10.34,L,Second-Visual,2,roi223.png,-52.161,-21.022,#393FAC
-14.4,-76.67,26.42,L,Second-Visual,2,roi133.png,-57.222,-13.696,#393FAC
-14.63,-78.73,41.3,L,Second-Visual,2,roi135.png,-60.565,-13.781,#393FAC
-12.86,-79.22,-10.88,L,Second-Visual,2,roi255.png,-56.508,-12.365,#393FAC
-23.52,-79.28,28,L,Second-Visual,2,roi131.png,-60.148,-22.75,#393FAC
-2.31,-79.71,29.06,L,Second-Visual,2,roi261.png,-60.227,-1.529,#393FAC
-10.88,-81.37,40.56,L,Second-Visual,2,roi138.png,-63.052,-9.983,#393FAC
-37.04,-83.83,9.88,L,Second-Visual,2,roi157.png,-63.396,-36.301,#393FAC
-24.93,-83.85,19.74,L,Second-Visual,2,roi132.png,-64.016,-24.125,#393FAC
-33.95,-83.87,-13.97,L,Second-Visual,2,roi254.png,-61.311,-33.378,#393FAC
-5.99,-84.27,37.52,L,Second-Visual,2,roi134.png,-65.577,-5.057,#393FAC
-28.66,-90.08,12.52,L,Second-Visual,2,roi156.png,-69.675,-27.778,#393FAC
-5.85,-92.38,24.88,L,Second-Visual,2,roi258.png,-72.56,-4.841,#393FAC
-14.29,-95.41,23.32,L,Second-Visual,2,roi004.png,-75.618,-13.228,#393FAC
-6.09,-102.59,6.15,L,Second-Visual,2,roi244.png,-81.116,-5.004,#393FAC
-5.41,-60.82,7.1,L,First-Visual-V1,4,roi259.png,-39.579,-5.164,#00f700
-8.43,-74.15,10.75,L,First-Visual-V1,4,roi257.png,-53.235,-7.888,#00f700
-5.65,-80.18,17.54,L,First-Visual-V1,4,roi260.png,-59.77,-4.939,#00f700
-3.2,-91.68,2.41,L,First-Visual-V1,4,roi246.png,-69.866,-2.362,#00f700
-15.05,-91.78,-9.95,L,First-Visual-V1,4,roi253.png,-69.144,-14.294,#00f700
-25.72,-91.86,-3.45,L,First-Visual-V1,4,roi250.png,-70.007,-24.914,#00f700
-6.31,-94.48,-16.38,L,First-Visual-V1,4,roi247.png,-71.097,-5.546,#00f700
-1.66,-96.18,6.37,L,First-Visual-V1,4,roi256.png,-74.658,-0.704,#00f700
-25.49,-100.05,-4.42,L,First-Visual-V1,4,roi251.png,-78.076,-24.525,#00f700
-16.23,-100.96,-13.14,L,First-Visual-V1,4,roi252.png,-78.037,-15.31,#00f700
-14.13,-102.86,0.16,L,First-Visual-V1,4,roi248.png,-81.035,-13.079,#00f700
-4.66,-103.12,-10.05,L,First-Visual-V1,4,roi245.png,-80.215,-3.677,#00f700
-18.8,-5.48,56.98,L,Somatomotor,10,roi069.png,10.955,-19.324,#00ffff
-46.02,-8.76,47.08,L,Somatomotor,10,roi057.png,7.977,-46.54,#00ffff
-15.62,-10.21,62.92,L,Somatomotor,10,roi042.png,5.796,-16.007,#00ffff
-49.73,-11.94,29.79,L,Somatomotor,10,roi077.png,6.226,-50.306,#00ffff
-59.1,-13,11.86,L,Somatomotor,10,roi174.png,6.524,-59.777,#00ffff
-13.44,-13.18,68.7,L,Somatomotor,10,roi041.png,2.384,-13.727,#00ffff
-8.89,-13.67,45.04,L,Somatomotor,10,roi022.png,4.034,-9.334,#00ffff
-55.52,-13.77,27.62,L,Somatomotor,10,roi078.png,4.47,-56.072,#00ffff
-3.72,-14.24,55.27,L,Somatomotor,10,roi051.png,2.69,-4.082,#00ffff
-37.97,-14.36,14.23,L,Somatomotor,10,roi117.png,5.404,-38.608,#00ffff
-22.21,-14.53,62,L,Somatomotor,10,roi068.png,1.436,-22.515,#00ffff
-38.61,-16.03,58.98,L,Somatomotor,10,roi064.png,-0.138,-38.902,#00ffff
-37.24,-17.11,38.12,L,Somatomotor,10,roi087.png,0.617,-37.656,#00ffff
-7.9,-17.26,67.14,L,Somatomotor,10,roi049.png,-1.43,-8.117,#00ffff
-51.78,-18.11,46.93,L,Somatomotor,10,roi079.png,-1.443,-52.111,#00ffff
-7.83,-20.79,72.25,L,Somatomotor,10,roi040.png,-5.386,-7.94,#00ffff
-4.82,-22.21,50.17,L,Somatomotor,10,roi050.png,-4.83,-5.056,#00ffff
-35.21,-22.4,48.02,L,Somatomotor,10,roi056.png,-5.466,-35.45,#00ffff
-43.11,-23.02,47.22,L,Somatomotor,10,roi086.png,-6.178,-43.341,#00ffff
-7.64,-23.2,60.92,L,Somatomotor,10,roi047.png,-6.804,-7.78,#00ffff
-14.97,-23.28,68.81,L,Somatomotor,10,roi065.png,-7.717,-15.052,#00ffff
-36.87,-23.65,16.61,L,Somatomotor,10,roi007.png,-4.032,-37.303,#00ffff
-24.41,-23.7,60.09,L,Somatomotor,10,roi055.png,-7.579,-24.542,#00ffff
-12.05,-24.75,44.62,L,Somatomotor,10,roi048.png,-7.031,-12.271,#00ffff
-43.1,-27.54,51.77,L,Somatomotor,10,roi085.png,-11.073,-43.208,#00ffff
-26.69,-28.15,59.4,L,Somatomotor,10,roi054.png,-11.999,-26.736,#00ffff
-6.36,-28.16,73.77,L,Somatomotor,10,roi046.png,-12.828,-6.31,#00ffff
-16.24,-28.75,67.57,L,Somatomotor,10,roi063.png,-13.085,-16.219,#00ffff
-34.02,-32.21,52.84,L,Somatomotor,10,roi084.png,-15.628,-34.028,#00ffff
-17.52,-32.63,70.66,L,Somatomotor,10,roi039.png,-17.243,-17.399,#00ffff
-24.66,-33.35,63.55,L,Somatomotor,10,roi053.png,-17.495,-24.572,#00ffff
-10.09,-34.62,70.36,L,Somatomotor,10,roi045.png,-19.045,-9.932,#00ffff
-27.53,-39.28,55.66,L,Somatomotor,10,roi072.png,-22.779,-27.377,#00ffff
-10.75,-39.52,56.08,L,Somatomotor,10,roi036.png,-22.706,-10.593,#00ffff
-11.05,-45.38,68.4,L,Somatomotor,10,roi038.png,-29.613,-10.688,#00ffff
-8.81,10.9,-9.43,L,Subcortical,14,roi627.png,33.214,-10.131,#94cd54
-14.36,10.19,8.91,L,Subcortical,14,roi622.png,30.807,-15.538,#94cd54
-26.47,0.75,-1.65,L,Subcortical,14,roi623.png,22.065,-27.527,#94cd54
-19.98,-2.33,-3.54,L,Subcortical,14,roi624.png,19.296,-20.99,#94cd54
-23.55,-4.17,-20.13,L,Subcortical,14,roi626.png,18.822,-24.637,#94cd54
-11.67,-17.2,5.62,L,Subcortical,14,roi621.png,3.866,-12.316,#94cd54
-24.29,-22.06,-14.01,L,Subcortical,14,roi625.png,0.459,-24.972,#94cd54
-52.95,-4.94,37.48,L,Second-Dorsal-Attention,6,roi002.png,12.467,-53.613,#d6add6
-29.39,-11.75,57.62,L,Second-Dorsal-Attention,6,roi067.png,4.434,-29.78,#d6add6
-55.65,-23.23,36.55,L,Second-Dorsal-Attention,6,roi080.png,-5.726,-55.948,#d6add6
-43.68,-29.59,37.85,L,Second-Dorsal-Attention,6,roi081.png,-11.925,-43.843,#d6add6
-35.3,-35.94,44.39,L,Second-Dorsal-Attention,6,roi083.png,-18.64,-35.291,#d6add6
-38.37,-36.84,52.25,L,Second-Dorsal-Attention,6,roi073.png,-20.28,-38.287,#d6add6
-37.06,-45.5,54.47,L,Second-Dorsal-Attention,6,roi155.png,-29.07,-36.787,#d6add6
-12.37,-71.28,47.35,L,Second-Dorsal-Attention,6,roi129.png,-53.62,-11.63,#d6add6
-34.38,29.48,27.34,L,First-Dorsal-Attention,5,roi293.png,48.013,-35.815,#c46b8b
-44.67,4.76,15.56,L,First-Dorsal-Attention,5,roi188.png,24.194,-45.684,#c46b8b
-48.87,-1.5,26.26,L,First-Dorsal-Attention,5,roi190.png,16.948,-49.682,#c46b8b
-56.07,-35.48,39.87,L,First-Dorsal-Attention,5,roi082.png,-18.223,-56.097,#c46b8b
-40.07,-41.6,45.6,L,First-Dorsal-Attention,5,roi074.png,-24.482,-39.937,#c46b8b
-33.28,-47.65,45.43,L,First-Dorsal-Attention,5,roi153.png,-30.352,-33.027,#c46b8b
-41.58,-60.37,-13.06,L,First-Dorsal-Attention,5,roi225.png,-38.141,-41.475,#c46b8b
-8.39,-71.05,55.45,L,First-Dorsal-Attention,5,roi128.png,-54.008,-7.599,#c46b8b
-16.61,-39.94,-12.67,L,Parieto-Occipital,13,roi016.png,-17.307,-16.922,#003eff
-27.52,-43.13,-8.93,L,Parieto-Occipital,13,roi220.png,-21.034,-27.739,#003eff
-6.42,-48.66,3.43,L,Parieto-Occipital,13,roi017.png,-27.171,-6.446,#003eff
-6.54,-55.84,15.88,L,Parieto-Occipital,13,roi011.png,-35.401,-6.333,#003eff
-17.57,-63.69,23.77,L,Parieto-Occipital,13,roi264.png,-44.131,-17.147,#003eff
-3.01,-66.78,20.1,L,Parieto-Occipital,13,roi262.png,-46.589,-2.553,#003eff
-41.28,-72.72,20.7,L,Parieto-Occipital,13,roi164.png,-53.353,-40.69,#003eff
-2.32,-20.53,38.79,L,Parietal-Episodic-Retrieval,12,roi021.png,-2.122,-2.67,#CC0066
-4.98,-20.64,32.16,L,Parietal-Episodic-Retrieval,12,roi030.png,-1.714,-5.373,#CC0066
-5.28,-35.86,26.75,L,Parietal-Episodic-Retrieval,12,roi009.png,-16.413,-5.403,#CC0066
-30.04,-48.97,37.45,L,Parietal-Episodic-Retrieval,12,roi150.png,-30.91,-29.817,#CC0066
-10.16,-63.11,35.63,L,Parietal-Episodic-Retrieval,12,roi143.png,-44.424,-9.668,#CC0066
-6.33,-67.24,43.16,L,Parietal-Episodic-Retrieval,12,roi139.png,-49.108,-5.702,#CC0066
-25.41,39.8,-9.43,L,Cingulo-opercular,9,roi205.png,61.655,-27.313,#fbfbda
-33.98,36.38,28.87,L,Cingulo-opercular,9,roi289.png,54.762,-35.544,#fbfbda
-42.61,35.7,9.12,L,Cingulo-opercular,9,roi112.png,55.611,-44.297,#fbfbda
-33.17,31.17,38.03,L,Cingulo-opercular,9,roi292.png,48.798,-34.565,#fbfbda
-10.69,23.05,28.19,L,Cingulo-opercular,9,roi033.png,42.027,-11.995,#fbfbda
-37.3,18.51,7.58,L,Cingulo-opercular,9,roi114.png,38.733,-38.65,#fbfbda
-52.22,17.44,25.76,L,Cingulo-opercular,9,roi184.png,35.786,-53.418,#fbfbda
-4.49,15.03,30.27,L,Cingulo-opercular,9,roi034.png,33.988,-5.619,#fbfbda
-8.1,6.79,37.44,L,Cingulo-opercular,9,roi024.png,25.086,-9.011,#fbfbda
-37.22,4.37,10.59,L,Cingulo-opercular,9,roi115.png,24.39,-38.263,#fbfbda
-51.11,4.11,-2.98,L,Cingulo-opercular,9,roi303.png,25.015,-52.239,#fbfbda
-26.11,3.4,-15.95,L,Cingulo-opercular,9,roi202.png,25.948,-27.321,#fbfbda
-59.03,0.42,19.17,L,Cingulo-opercular,9,roi168.png,19.261,-59.928,#fbfbda
-9.55,0.28,67.38,L,Cingulo-opercular,9,roi043.png,15.986,-10.12,#fbfbda
-36.84,-0.12,8.53,L,Cingulo-opercular,9,roi116.png,20.104,-37.806,#fbfbda
-50.14,-1.62,3.65,L,Cingulo-opercular,9,roi185.png,18.755,-51.107,#fbfbda
-37.48,-3.22,-11.01,L,Cingulo-opercular,9,roi111.png,18.691,-38.52,#fbfbda
-53.07,-3.26,11.58,L,Cingulo-opercular,9,roi169.png,16.375,-53.948,#fbfbda
-56.19,-3.49,-3.62,L,Cingulo-opercular,9,roi306.png,17.395,-57.168,#fbfbda
-29.7,-3.64,49.35,L,Cingulo-opercular,9,roi059.png,13.22,-30.312,#fbfbda
-4.89,-4.51,57.77,L,Cingulo-opercular,9,roi052.png,12.142,-5.431,#fbfbda
-8.18,-5.9,42.24,L,Cingulo-opercular,9,roi023.png,12.03,-8.801,#fbfbda
-29.35,-9.92,50.65,L,Cingulo-opercular,9,roi066.png,6.86,-29.826,#fbfbda
-57.19,-13.23,3.99,L,Cingulo-opercular,9,roi304.png,7.015,-57.918,#fbfbda
-49.49,-13.73,10.03,L,Cingulo-opercular,9,roi170.png,6.155,-50.167,#fbfbda
-36.19,-19.11,-0.51,L,Cingulo-opercular,9,roi110.png,1.983,-36.835,#fbfbda
-47.69,-20.6,7.89,L,Cingulo-opercular,9,roi305.png,-0.465,-48.244,#fbfbda
-54.39,-21.23,16.53,L,Cingulo-opercular,9,roi173.png,-1.979,-54.869,#fbfbda
-38.18,-23.68,5.9,L,Cingulo-opercular,9,roi299.png,-3.164,-38.687,#fbfbda
-48,-26.46,-6.19,L,Cingulo-opercular,9,roi310.png,-5.092,-48.533,#fbfbda
-47.29,-27.23,6.75,L,Cingulo-opercular,9,roi101.png,-6.962,-47.717,#fbfbda
-57.07,-30.86,22.86,L,Cingulo-opercular,9,roi171.png,-12.173,-57.309,#fbfbda
-33.34,-32.33,16.3,L,Cingulo-opercular,9,roi097.png,-12.577,-33.601,#fbfbda
-11.56,-32.76,47.55,L,Cingulo-opercular,9,roi044.png,-15.252,-11.599,#fbfbda
-46.13,-33.06,-2.03,L,Cingulo-opercular,9,roi099.png,-11.987,-46.501,#fbfbda
-55.6,-33.17,11.07,L,Cingulo-opercular,9,roi100.png,-13.425,-55.875,#fbfbda
-53.31,-33.37,1.67,L,Cingulo-opercular,9,roi108.png,-12.764,-53.647,#fbfbda
-45.94,-33.81,20.06,L,Cingulo-opercular,9,roi172.png,-14.638,-46.141,#fbfbda
-36.43,-35.9,13.17,L,Cingulo-opercular,9,roi096.png,-15.927,-36.639,#fbfbda
-50.65,-36.77,5.88,L,Cingulo-opercular,9,roi107.png,-16.459,-50.889,#fbfbda
-41.5,-38.79,24.08,L,Cingulo-opercular,9,roi095.png,-19.853,-41.574,#fbfbda
-50.3,-40.08,16.74,L,Cingulo-opercular,9,roi109.png,-20.687,-50.397,#fbfbda
-5.17,-43.16,57.54,L,Cingulo-opercular,9,roi141.png,-26.342,-4.93,#fbfbda
-13.44,-43.64,60.63,L,Cingulo-opercular,9,roi037.png,-27.258,-13.167,#fbfbda
-22.67,-44.12,64.61,L,Cingulo-opercular,9,roi071.png,-28.272,-22.357,#fbfbda
-51.74,-44.77,31.65,L,Cingulo-opercular,9,roi094.png,-26.677,-51.637,#fbfbda
-50.52,-47.68,-18.73,L,Cingulo-opercular,9,roi234.png,-25.197,-50.71,#fbfbda
-51.87,-49.31,36.72,L,Cingulo-opercular,9,roi093.png,-31.639,-51.64,#fbfbda
-45,-49.34,14.59,L,Cingulo-opercular,9,roi102.png,-29.615,-44.925,#fbfbda
-53.19,-49.68,15.31,L,Cingulo-opercular,9,roi104.png,-30.186,-53.101,#fbfbda
-13.88,-50.52,60.37,L,Cingulo-opercular,9,roi136.png,-34.098,-13.469,#fbfbda
-18.15,-53.39,58.92,L,Cingulo-opercular,9,roi126.png,-36.92,-17.69,#fbfbda
-54.17,-54.4,22.39,L,Cingulo-opercular,9,roi105.png,-35.519,-53.936,#fbfbda
-49.06,-60.78,-3.92,L,Cingulo-opercular,9,roi162.png,-39.495,-48.882,#fbfbda
-17.27,-62.46,53.34,L,Cingulo-opercular,9,roi127.png,-45.454,-16.666,#fbfbda
-39.4,-62.98,7.89,L,Cingulo-opercular,9,roi163.png,-42.505,-39.097,#fbfbda
-46.28,-67.62,2.49,L,Cingulo-opercular,9,roi159.png,-46.804,-45.919,#fbfbda
-35.93,-81.7,23.92,L,Cingulo-opercular,9,roi166.png,-62.464,-35.137,#fbfbda
-11.95,42.92,7.33,L,Salience,8,roi281.png,63.595,-13.802,#822082
-4.27,34.3,-0.45,L,Salience,8,roi278.png,55.84,-6.004,#822082
-6.65,32.09,12.33,L,Salience,8,roi029.png,52.486,-8.249,#822082
-8.38,26.34,21.77,L,Salience,8,roi028.png,45.907,-9.797,#822082
-35.21,11.02,-6.26,L,Salience,8,roi122.png,32.511,-36.506,#822082
-26.97,32.06,46.46,L,Frontal-Parietal-Other,11,roi294.png,49.085,-28.326,#000000
-13.59,1.68,60.09,L,Frontal-Parietal-Other,11,roi070.png,17.926,-14.239,#000000
-4.62,-49.26,58.69,L,Frontal-Parietal-Other,11,roi140.png,-32.505,-4.248,#000000
-31.04,-82.86,32.21,L,Frontal-Parietal-Other,11,roi145.png,-64.234,-30.167,#000000
-12.83,58.43,18.82,L,Frontal-Parietal,3,roi284.png,78.032,-14.916,#FFFB00
-29.64,55.09,4.27,L,Frontal-Parietal,3,roi191.png,75.613,-31.756,#FFFB00
-21.27,53.67,0.4,L,Frontal-Parietal,3,roi192.png,74.707,-23.386,#FFFB00
-24.3,53.5,19.99,L,Frontal-Parietal,3,roi283.png,72.782,-26.275,#FFFB00
-27.37,51.96,-7.58,L,Frontal-Parietal,3,roi203.png,73.566,-29.506,#FFFB00
-36.65,48.85,3.03,L,Frontal-Parietal,3,roi118.png,69.359,-38.647,#FFFB00
-13.87,48.66,37.45,L,Frontal-Parietal,3,roi287.png,66.67,-15.628,#FFFB00
-36.73,48.33,19.24,L,Frontal-Parietal,3,roi276.png,67.439,-38.603,#FFFB00
-16.7,47.25,-13.56,L,Frontal-Parietal,3,roi208.png,69.613,-18.785,#FFFB00
-13.6,44.02,40.49,L,Frontal-Parietal,3,roi273.png,61.791,-15.243,#FFFB00
-42.37,43.5,-6.67,L,Frontal-Parietal,3,roi199.png,64.749,-44.325,#FFFB00
-39.13,39.25,17.98,L,Frontal-Parietal,3,roi180.png,58.454,-40.827,#FFFB00
-22.46,39,37.39,L,Frontal-Parietal,3,roi274.png,56.875,-24.021,#FFFB00
-8.58,36.25,27.37,L,Frontal-Parietal,3,roi288.png,55.29,-10.158,#FFFB00
-38.03,34.19,-8.62,L,Frontal-Parietal,3,roi200.png,55.735,-39.811,#FFFB00
-45.7,32.2,19.14,L,Frontal-Parietal,3,roi179.png,51.195,-47.245,#FFFB00
-21.66,31.82,-15.8,L,Frontal-Parietal,3,roi206.png,54.335,-23.447,#FFFB00
-6.72,30.17,36.35,L,Frontal-Parietal,3,roi027.png,48.497,-8.113,#FFFB00
-42.96,25.64,24.9,L,Frontal-Parietal,3,roi186.png,44.221,-44.333,#FFFB00
-14.66,24.08,54.88,L,Frontal-Parietal,3,roi290.png,40.665,-15.798,#FFFB00
-6.05,24.02,-9.92,L,Frontal-Parietal,3,roi196.png,46.382,-7.641,#FFFB00
-24.39,22.42,-14.15,L,Frontal-Parietal,3,roi204.png,44.773,-25.974,#FFFB00
-6.64,22.26,45.25,L,Frontal-Parietal,3,roi026.png,39.851,-7.81,#FFFB00
-33.32,22.05,46.04,L,Frontal-Parietal,3,roi296.png,39.019,-34.475,#FFFB00
-36.23,20.62,31.21,L,Frontal-Parietal,3,roi178.png,38.815,-37.458,#FFFB00
-32.03,20.24,-0.53,L,Frontal-Parietal,3,roi123.png,41.266,-33.473,#FFFB00
-14.14,15.84,61.26,L,Frontal-Parietal,3,roi062.png,31.917,-15.067,#FFFB00
-32.93,11.2,52.41,L,Frontal-Parietal,3,roi295.png,27.67,-33.82,#FFFB00
-19.4,8.79,58.45,L,Frontal-Parietal,3,roi061.png,25.029,-20.203,#FFFB00
-49.34,5.46,28.77,L,Frontal-Parietal,3,roi187.png,23.654,-50.275,#FFFB00
-39.27,4.54,42.07,L,Frontal-Parietal,3,roi175.png,21.797,-40.096,#FFFB00
-38.41,2.26,29.37,L,Frontal-Parietal,3,roi189.png,20.641,-39.279,#FFFB00
-35.03,2.08,33.13,L,Frontal-Parietal,3,roi176.png,20.208,-35.87,#FFFB00
-43.34,-2.85,-28.34,L,Frontal-Parietal,3,roi217.png,20.435,-44.507,#FFFB00
-54.63,-26.78,-12.83,L,Frontal-Parietal,3,roi214.png,-4.975,-55.201,#FFFB00
-62.07,-31.07,-14.58,L,Frontal-Parietal,3,roi232.png,-9.252,-62.565,#FFFB00
-4.68,-34.14,37.37,L,Frontal-Parietal,3,roi020.png,-15.605,-4.763,#FFFB00
-61.94,-34.83,-6.05,L,Frontal-Parietal,3,roi098.png,-13.731,-62.299,#FFFB00
-38.42,-43.72,38.02,L,Frontal-Parietal,3,roi075.png,-25.904,-38.297,#FFFB00
-61.32,-44.27,-12.86,L,Frontal-Parietal,3,roi230.png,-22.533,-61.536,#FFFB00
-56.73,-46.75,-4.36,L,Frontal-Parietal,3,roi006.png,-25.642,-56.837,#FFFB00
-44.93,-50.69,38.62,L,Frontal-Parietal,3,roi076.png,-33.034,-44.66,#FFFB00
-58.92,-53.45,-0.84,L,Frontal-Parietal,3,roi161.png,-32.665,-58.866,#FFFB00
-41.13,-55.38,26.63,L,Frontal-Parietal,3,roi088.png,-36.59,-40.85,#FFFB00
-41,-55.85,44.33,L,Frontal-Parietal,3,roi148.png,-38.585,-40.587,#FFFB00
-7.26,-60.87,53.97,L,Frontal-Parietal,3,roi137.png,-43.717,-6.686,#FFFB00
-53.63,-61.06,-12.81,L,Frontal-Parietal,3,roi160.png,-39.101,-53.507,#FFFB00
-42.93,-61.95,34.03,L,Frontal-Parietal,3,roi089.png,-43.811,-42.465,#FFFB00
-24.39,-63.82,48.17,L,Frontal-Parietal,3,roi152.png,-46.51,-23.792,#FFFB00
-44.19,-63.99,41.25,L,Frontal-Parietal,3,roi147.png,-46.493,-43.633,#FFFB00
-27.97,-66.61,44.06,L,Frontal-Parietal,3,roi149.png,-49.008,-27.344,#FFFB00
-34.48,-73.22,44.52,L,Frontal-Parietal,3,roi146.png,-55.767,-33.715,#FFFB00
-27.63,41.49,17.34,L,Ventral-Attention-Language,7,roi279.png,60.98,-29.38,#007d7d
-8.1,40.5,47,L,Ventral-Attention-Language,7,roi271.png,57.837,-9.627,#007d7d
-45.63,30.47,-4.41,L,Ventral-Attention-Language,7,roi119.png,51.508,-47.304,#007d7d
-6.85,28.7,55.47,L,Ventral-Attention-Language,7,roi025.png,45.378,-8.08,#007d7d
-46.49,23.55,15.84,L,Ventral-Attention-Language,7,roi182.png,42.848,-47.883,#007d7d
-51.45,22.58,3.28,L,Ventral-Attention-Language,7,roi125.png,42.864,-52.909,#007d7d
-42.43,18.62,38.52,L,Ventral-Attention-Language,7,roi297.png,36.063,-43.565,#007d7d
-49.11,17.11,11.88,L,Ventral-Attention-Language,7,roi113.png,36.721,-50.399,#007d7d
-52.31,13.04,15.69,L,Ventral-Attention-Language,7,roi183.png,32.272,-53.489,#007d7d
-43.13,11.59,1.78,L,Ventral-Attention-Language,7,roi181.png,32.22,-44.379,#007d7d
-6.82,10.38,54.63,L,Ventral-Attention-Language,7,roi003.png,27.204,-7.684,#007d7d
-49.93,5.16,-14.82,L,Ventral-Attention-Language,7,roi302.png,27.108,-51.163,#007d7d
-41.18,-2.01,47.14,L,Ventral-Attention-Language,7,roi058.png,14.796,-41.838,#007d7d
-53.98,-18.25,-3.48,L,Ventral-Attention-Language,7,roi307.png,2.727,-54.659,#007d7d
-60.23,-18.72,-22.61,L,Ventral-Attention-Language,7,roi227.png,3.781,-61.031,#007d7d
-48.8,-20.84,-7.27,L,Ventral-Attention-Language,7,roi309.png,0.582,-49.454,#007d7d
-44.85,-43.71,7.33,L,Ventral-Attention-Language,7,roi103.png,-23.377,-44.94,#007d7d
-59.53,-43.85,20.36,L,Ventral-Attention-Language,7,roi106.png,-24.947,-59.523,#007d7d
-56.87,-44.88,6.7,L,Ventral-Attention-Language,7,roi092.png,-24.737,-56.938,#007d7d
-52.49,-60.65,9.47,L,Ventral-Attention-Language,7,roi165.png,-40.593,-52.22,#007d7d
-14.55,58.84,8.19,L,Default,1,roi280.png,79.323,-16.718,#ff2700
-7.87,52.47,13.53,L,Default,1,roi285.png,72.656,-9.873,#ff2700
-5.48,52.33,-0.02,L,Default,1,roi194.png,73.737,-7.576,#ff2700
-5.19,48.42,-14.09,L,Default,1,roi211.png,71.064,-7.305,#ff2700
-7.09,47.69,24.43,L,Default,1,roi286.png,66.969,-8.921,#ff2700
-20.78,46.84,29.97,L,Default,1,roi275.png,65.36,-22.552,#ff2700
-5.78,41.72,8.6,L,Default,1,roi282.png,62.418,-7.601,#ff2700
-10.16,35.21,-2.28,L,Default,1,roi277.png,56.782,-11.924,#ff2700
-5.45,32.79,-13.41,L,Default,1,roi195.png,55.431,-7.243,#ff2700
-16.28,32.34,43.26,L,Default,1,roi272.png,49.863,-17.666,#ff2700
-32.71,28.61,-11.21,L,Default,1,roi201.png,50.511,-34.397,#ff2700
-41.25,23.89,-9.57,L,Default,1,roi124.png,45.491,-42.828,#ff2700
-36.82,18.35,-11.01,L,Default,1,roi120.png,40.189,-38.297,#ff2700
-21.49,16.91,45.14,L,Default,1,roi291.png,34.223,-22.549,#ff2700
-39.94,12.41,35.63,L,Default,1,roi177.png,30.179,-40.97,#ff2700
-29.63,11.57,-12.45,L,Default,1,roi121.png,33.71,-30.981,#ff2700
-31.29,8.74,-32.44,L,Default,1,roi226.png,32.583,-32.723,#ff2700
-40.02,6.15,-30.74,L,Default,1,roi218.png,29.675,-41.387,#ff2700
-20.1,-2.42,53.53,L,Default,1,roi060.png,14.273,-20.71,#ff2700
-50.85,-8.38,-23.24,L,Default,1,roi216.png,14.33,-51.867,#ff2700
-53.44,-9.06,-13.13,L,Default,1,roi308.png,12.725,-54.373,#ff2700
-59.84,-15.35,-11,L,Default,1,roi215.png,6.143,-60.629,#ff2700
-37.01,-30.14,-16.36,L,Default,1,roi240.png,-7.651,-37.542,#ff2700
-2.38,-40.01,30.22,L,Default,1,roi001.png,-20.786,-2.395,#ff2700
-8.56,-46.21,39.05,L,Default,1,roi035.png,-27.853,-8.386,#ff2700
-5.16,-50.5,26.44,L,Default,1,roi010.png,-30.966,-4.988,#ff2700
-5.47,-53.84,46.4,L,Default,1,roi142.png,-36.023,-5.091,#ff2700
-46.78,-62.33,17.88,L,Default,1,roi091.png,-42.874,-46.419,#ff2700
-8.45,-62.68,29.71,L,Default,1,roi144.png,-43.448,-8.008,#ff2700
-36.06,-68.57,27.43,L,Default,1,roi167.png,-49.692,-35.508,#ff2700
-45.84,-69.13,23.79,L,Default,1,roi090.png,-50.139,-45.3,#ff2700
-25.63,-73.59,29.72,L,Default,1,roi151.png,-54.673,-24.963,#ff2700
